{
  "id": "npc2place",
  "name": "npc2place",
  "title": "NPC to Place",
  "description": "Permet de transformer un PNJ (type npc) en fiche de planète ou de lieu dans l’univers Spatiopolis, avec style visuel sélectionnable. Compatible avec SWADE.",
  "version": "1.0.0",
  "author": "Davy_mj",
  "minimumCoreVersion": "11",
  "compatibleCoreVersion": "13",
  "type": "module",
  "esmodules": ["scripts/main.js"],
  "packs": [],
  "languages": [
    {
      "lang": "fr",
      "name": "Français",
      "path": "lang/fr.json"
    },
    {
      "lang": "en",
      "name": "English",
      "path": "lang/en.json"
    },
    {
      "lang": "es",
      "name": "Español",
      "path": "lang/es.json"
    },
    {
      "lang": "de",
      "name": "Deutsch",
      "path": "lang/de.json"
    }
  ],
  "systems": ["swade"],
  "url": "https://www.stream-adventure.fr/npc2place/",
  "manifest": "https://raw.githubusercontent.com/davy-MJ/NPC2PLACE/refs/heads/main/module.json",
  "download": "https://github.com/davy-MJ/NPC2PLACE/raw/refs/heads/main/npc2place.zip?raw=true",
  "icon": "modules/npc2place/icons/setup-cover.png",
  "media": [
    {
      "type": "setup",
      "url": "modules/npc2place/icons/setup-cover.png"
    },
    {
      "type": "cover",
      "url": "https://www.stream-adventure.fr/npc2place/setup-cover.png"
    }
  ],
  "compatibility": {
    "minimum": "11",
    "verified": "13"
  }
}
